{
    "loss": 1.1012312173843384,
    "accuracy": 0.807692289352417
}