{
    "loss": 1.7116882801055908,
    "accuracy": 0.7884615659713745
}