{
    "loss": 0.036705005913972855,
    "accuracy": 0.9847715497016907
}