{
    "loss": 0.3257635235786438,
    "accuracy": 0.8461538553237915
}