{
    "loss": 0.20889638364315033,
    "accuracy": 0.9238578677177429
}