{
    "loss": 0.952555775642395,
    "accuracy": 0.807692289352417
}