{
    "loss": 1.1198408603668213,
    "accuracy": 0.7884615659713745
}