{
    "loss": 0.28386032581329346,
    "accuracy": 0.8653846383094788
}